titles,hrefs
2018年有望播出的电视剧，郑爽赵丽颖迪丽热巴,http://ent.china.com/pic/rg/11060670/20170909/31334900.html
赵丽颖杨颖演技大pk，遭网友吐槽：杨颖表情亮了！,http://www.toutiao.com/a6463728199485358606/
赵丽颖偷偷吃零食被抓，吃货属性暴露无疑 你还喜欢吗..,http://www.toutiao.com/a6464073991609909773/
单身狗的痛！赵丽颖一晚上被三对情侣狂虐,http://ent.sina.com.cn/s/m/2017-09-10/doc-ifykuffc4847916.shtml
《密战》首曝海报 郭富城赵丽颖投身隐秘战线,http://ent.163.com/17/0901/11/CT8B2U1T000380D0.html
赵丽颖直播首秀“画出生命线” 创最高筹款纪录,http://ent.sina.com.cn/s/m/2017-09-11/doc-ifykuffc5029079.shtml
视频：单身狗的痛！赵丽颖一晚上被三对情侣狂虐,http://video.sina.com.cn/p/ent/s/m/doc/2017-09-11/092967065801.html
组图：赵丽颖黑色长裙亮相红毯 短发造型可爱俏皮,http://slide.ent.sina.com.cn/star/slide_4_704_232068.html
单身狗的痛!赵丽颖一晚上竟被三对情侣狂虐,http://ent.sina.com.cn/video/#251625706
赵丽颖芭莎慈善夜壕捐70万只能蹲着合照 林心如,http://www.hxnews.com/news/yl/mxbg/201709/13/1301707.shtml
组图：迪丽热巴赵丽颖 盘点拥有治愈系笑容的女星,http://slide.ent.sina.com.cn/star/slide_4_86448_232632.html
